year,area,decile,age,count
2012,Grampian,1,0,120
2012,Grampian,1,1,105
2012,Grampian,1,2,101
2012,Grampian,1,3,117
2012,Grampian,1,4,113
2012,Grampian,1,5,99
2012,Grampian,1,6,92
2012,Grampian,1,7,87
2012,Grampian,1,8,75
2012,Grampian,1,9,62
2012,Grampian,1,10,67
2012,Grampian,1,11,67
2012,Grampian,1,12,68
2012,Grampian,1,13,87
2012,Grampian,1,14,81
2012,Grampian,1,15,85
2012,Grampian,1,16,93
2012,Grampian,1,17,90
2012,Grampian,1,18,94
2012,Grampian,1,19,91
2012,Grampian,1,20,111
2012,Grampian,1,21,138
2012,Grampian,1,22,123
2012,Grampian,1,23,116
2012,Grampian,1,24,125
2012,Grampian,2,0,436
2012,Grampian,2,1,421
2012,Grampian,2,2,398
2012,Grampian,2,3,396
2012,Grampian,2,4,391
2012,Grampian,2,5,313
2012,Grampian,2,6,330
2012,Grampian,2,7,267
2012,Grampian,2,8,266
2012,Grampian,2,9,247
2012,Grampian,2,10,282
2012,Grampian,2,11,248
2012,Grampian,2,12,270
2012,Grampian,2,13,262
2012,Grampian,2,14,253
2012,Grampian,2,15,247
2012,Grampian,2,16,265
2012,Grampian,2,17,276
2012,Grampian,2,18,272
2012,Grampian,2,19,321
2012,Grampian,2,20,436
2012,Grampian,2,21,481
2012,Grampian,2,22,450
2012,Grampian,2,23,463
2012,Grampian,2,24,456
2012,Grampian,3,0,479
2012,Grampian,3,1,488
2012,Grampian,3,2,449
2012,Grampian,3,3,411
2012,Grampian,3,4,421
2012,Grampian,3,5,345
2012,Grampian,3,6,370
2012,Grampian,3,7,347
2012,Grampian,3,8,323
2012,Grampian,3,9,334
2012,Grampian,3,10,325
2012,Grampian,3,11,307
2012,Grampian,3,12,346
2012,Grampian,3,13,357
2012,Grampian,3,14,372
2012,Grampian,3,15,361
2012,Grampian,3,16,388
2012,Grampian,3,17,405
2012,Grampian,3,18,380
2012,Grampian,3,19,385
2012,Grampian,3,20,572
2012,Grampian,3,21,599
2012,Grampian,3,22,563
2012,Grampian,3,23,648
2012,Grampian,3,24,618
2012,Grampian,4,0,694
2012,Grampian,4,1,645
2012,Grampian,4,2,595
2012,Grampian,4,3,640
2012,Grampian,4,4,603
2012,Grampian,4,5,537
2012,Grampian,4,6,490
2012,Grampian,4,7,491
2012,Grampian,4,8,468
2012,Grampian,4,9,465
2012,Grampian,4,10,462
2012,Grampian,4,11,438
2012,Grampian,4,12,483
2012,Grampian,4,13,433
2012,Grampian,4,14,457
2012,Grampian,4,15,485
2012,Grampian,4,16,524
2012,Grampian,4,17,516
2012,Grampian,4,18,674
2012,Grampian,4,19,868
2012,Grampian,4,20,1123
2012,Grampian,4,21,1143
2012,Grampian,4,22,1069
2012,Grampian,4,23,1071
2012,Grampian,4,24,1038
2012,Grampian,5,0,547
2012,Grampian,5,1,552
2012,Grampian,5,2,565
2012,Grampian,5,3,543
2012,Grampian,5,4,534
2012,Grampian,5,5,516
2012,Grampian,5,6,501
2012,Grampian,5,7,443
2012,Grampian,5,8,445
2012,Grampian,5,9,476
2012,Grampian,5,10,450
2012,Grampian,5,11,471
2012,Grampian,5,12,480
2012,Grampian,5,13,442
2012,Grampian,5,14,519
2012,Grampian,5,15,534
2012,Grampian,5,16,550
2012,Grampian,5,17,552
2012,Grampian,5,18,529
2012,Grampian,5,19,618
2012,Grampian,5,20,658
2012,Grampian,5,21,736
2012,Grampian,5,22,742
2012,Grampian,5,23,727
2012,Grampian,5,24,719
2012,Grampian,6,0,702
2012,Grampian,6,1,690
2012,Grampian,6,2,731
2012,Grampian,6,3,749
2012,Grampian,6,4,678
2012,Grampian,6,5,668
2012,Grampian,6,6,658
2012,Grampian,6,7,644
2012,Grampian,6,8,664
2012,Grampian,6,9,601
2012,Grampian,6,10,637
2012,Grampian,6,11,713
2012,Grampian,6,12,646
2012,Grampian,6,13,742
2012,Grampian,6,14,755
2012,Grampian,6,15,770
2012,Grampian,6,16,761
2012,Grampian,6,17,867
2012,Grampian,6,18,1029
2012,Grampian,6,19,1457
2012,Grampian,6,20,1440
2012,Grampian,6,21,1264
2012,Grampian,6,22,1187
2012,Grampian,6,23,1153
2012,Grampian,6,24,1078
2012,Grampian,7,0,675
2012,Grampian,7,1,751
2012,Grampian,7,2,739
2012,Grampian,7,3,749
2012,Grampian,7,4,762
2012,Grampian,7,5,729
2012,Grampian,7,6,720
2012,Grampian,7,7,732
2012,Grampian,7,8,712
2012,Grampian,7,9,703
2012,Grampian,7,10,700
2012,Grampian,7,11,677
2012,Grampian,7,12,779
2012,Grampian,7,13,790
2012,Grampian,7,14,774
2012,Grampian,7,15,802
2012,Grampian,7,16,800
2012,Grampian,7,17,811
2012,Grampian,7,18,802
2012,Grampian,7,19,792
2012,Grampian,7,20,878
2012,Grampian,7,21,905
2012,Grampian,7,22,851
2012,Grampian,7,23,816
2012,Grampian,7,24,778
2012,Grampian,8,0,873
2012,Grampian,8,1,963
2012,Grampian,8,2,986
2012,Grampian,8,3,993
2012,Grampian,8,4,997
2012,Grampian,8,5,984
2012,Grampian,8,6,974
2012,Grampian,8,7,946
2012,Grampian,8,8,921
2012,Grampian,8,9,959
2012,Grampian,8,10,966
2012,Grampian,8,11,915
2012,Grampian,8,12,978
2012,Grampian,8,13,976
2012,Grampian,8,14,997
2012,Grampian,8,15,1080
2012,Grampian,8,16,1010
2012,Grampian,8,17,1042
2012,Grampian,8,18,1034
2012,Grampian,8,19,1042
2012,Grampian,8,20,1202
2012,Grampian,8,21,1265
2012,Grampian,8,22,1167
2012,Grampian,8,23,1116
2012,Grampian,8,24,1144
2012,Grampian,9,0,865
2012,Grampian,9,1,998
2012,Grampian,9,2,953
2012,Grampian,9,3,971
2012,Grampian,9,4,965
2012,Grampian,9,5,939
2012,Grampian,9,6,883
2012,Grampian,9,7,871
2012,Grampian,9,8,836
2012,Grampian,9,9,866
2012,Grampian,9,10,842
2012,Grampian,9,11,866
2012,Grampian,9,12,957
2012,Grampian,9,13,941
2012,Grampian,9,14,988
2012,Grampian,9,15,1004
2012,Grampian,9,16,989
2012,Grampian,9,17,1033
2012,Grampian,9,18,1258
2012,Grampian,9,19,1279
2012,Grampian,9,20,1078
2012,Grampian,9,21,1091
2012,Grampian,9,22,981
2012,Grampian,9,23,1015
2012,Grampian,9,24,1031
2012,Grampian,10,0,969
2012,Grampian,10,1,1000
2012,Grampian,10,2,1033
2012,Grampian,10,3,1009
2012,Grampian,10,4,1008
2012,Grampian,10,5,1002
2012,Grampian,10,6,968
2012,Grampian,10,7,910
2012,Grampian,10,8,893
2012,Grampian,10,9,891
2012,Grampian,10,10,799
2012,Grampian,10,11,906
2012,Grampian,10,12,933
2012,Grampian,10,13,1040
2012,Grampian,10,14,976
2012,Grampian,10,15,988
2012,Grampian,10,16,961
2012,Grampian,10,17,1041
2012,Grampian,10,18,951
2012,Grampian,10,19,913
2012,Grampian,10,20,1097
2012,Grampian,10,21,1157
2012,Grampian,10,22,1143
2012,Grampian,10,23,1156
2012,Grampian,10,24,1278
2013,Grampian,1,0,131
2013,Grampian,1,1,118
2013,Grampian,1,2,105
2013,Grampian,1,3,95
2013,Grampian,1,4,110
2013,Grampian,1,5,123
2013,Grampian,1,6,96
2013,Grampian,1,7,86
2013,Grampian,1,8,80
2013,Grampian,1,9,81
2013,Grampian,1,10,61
2013,Grampian,1,11,64
2013,Grampian,1,12,68
2013,Grampian,1,13,69
2013,Grampian,1,14,81
2013,Grampian,1,15,79
2013,Grampian,1,16,80
2013,Grampian,1,17,99
2013,Grampian,1,18,96
2013,Grampian,1,19,94
2013,Grampian,1,20,95
2013,Grampian,1,21,123
2013,Grampian,1,22,136
2013,Grampian,1,23,131
2013,Grampian,1,24,108
2013,Grampian,2,0,405
2013,Grampian,2,1,432
2013,Grampian,2,2,412
2013,Grampian,2,3,394
2013,Grampian,2,4,375
2013,Grampian,2,5,380
2013,Grampian,2,6,307
2013,Grampian,2,7,312
2013,Grampian,2,8,264
2013,Grampian,2,9,255
2013,Grampian,2,10,245
2013,Grampian,2,11,268
2013,Grampian,2,12,227
2013,Grampian,2,13,259
2013,Grampian,2,14,263
2013,Grampian,2,15,257
2013,Grampian,2,16,247
2013,Grampian,2,17,272
2013,Grampian,2,18,268
2013,Grampian,2,19,291
2013,Grampian,2,20,366
2013,Grampian,2,21,490
2013,Grampian,2,22,505
2013,Grampian,2,23,456
2013,Grampian,2,24,497
2013,Grampian,3,0,474
2013,Grampian,3,1,509
2013,Grampian,3,2,483
2013,Grampian,3,3,447
2013,Grampian,3,4,411
2013,Grampian,3,5,403
2013,Grampian,3,6,344
2013,Grampian,3,7,369
2013,Grampian,3,8,350
2013,Grampian,3,9,320
2013,Grampian,3,10,327
2013,Grampian,3,11,329
2013,Grampian,3,12,319
2013,Grampian,3,13,353
2013,Grampian,3,14,361
2013,Grampian,3,15,380
2013,Grampian,3,16,357
2013,Grampian,3,17,388
2013,Grampian,3,18,383
2013,Grampian,3,19,412
2013,Grampian,3,20,464
2013,Grampian,3,21,653
2013,Grampian,3,22,585
2013,Grampian,3,23,623
2013,Grampian,3,24,625
2013,Grampian,4,0,678
2013,Grampian,4,1,653
2013,Grampian,4,2,628
2013,Grampian,4,3,586
2013,Grampian,4,4,642
2013,Grampian,4,5,593
2013,Grampian,4,6,532
2013,Grampian,4,7,482
2013,Grampian,4,8,486
2013,Grampian,4,9,456
2013,Grampian,4,10,454
2013,Grampian,4,11,467
2013,Grampian,4,12,434
2013,Grampian,4,13,481
2013,Grampian,4,14,434
2013,Grampian,4,15,470
2013,Grampian,4,16,515
2013,Grampian,4,17,541
2013,Grampian,4,18,639
2013,Grampian,4,19,825
2013,Grampian,4,20,954
2013,Grampian,4,21,1155
2013,Grampian,4,22,1147
2013,Grampian,4,23,1083
2013,Grampian,4,24,1126
2013,Grampian,5,0,512
2013,Grampian,5,1,561
2013,Grampian,5,2,528
2013,Grampian,5,3,571
2013,Grampian,5,4,557
2013,Grampian,5,5,529
2013,Grampian,5,6,527
2013,Grampian,5,7,506
2013,Grampian,5,8,442
2013,Grampian,5,9,457
2013,Grampian,5,10,469
2013,Grampian,5,11,478
2013,Grampian,5,12,465
2013,Grampian,5,13,497
2013,Grampian,5,14,429
2013,Grampian,5,15,519
2013,Grampian,5,16,527
2013,Grampian,5,17,534
2013,Grampian,5,18,503
2013,Grampian,5,19,572
2013,Grampian,5,20,674
2013,Grampian,5,21,722
2013,Grampian,5,22,745
2013,Grampian,5,23,753
2013,Grampian,5,24,742
2013,Grampian,6,0,702
2013,Grampian,6,1,717
2013,Grampian,6,2,726
2013,Grampian,6,3,750
2013,Grampian,6,4,734
2013,Grampian,6,5,693
2013,Grampian,6,6,681
2013,Grampian,6,7,661
2013,Grampian,6,8,657
2013,Grampian,6,9,660
2013,Grampian,6,10,589
2013,Grampian,6,11,631
2013,Grampian,6,12,700
2013,Grampian,6,13,656
2013,Grampian,6,14,731
2013,Grampian,6,15,749
2013,Grampian,6,16,779
2013,Grampian,6,17,785
2013,Grampian,6,18,1075
2013,Grampian,6,19,1398
2013,Grampian,6,20,1430
2013,Grampian,6,21,1262
2013,Grampian,6,22,1244
2013,Grampian,6,23,1155
2013,Grampian,6,24,1106
2013,Grampian,7,0,758
2013,Grampian,7,1,684
2013,Grampian,7,2,781
2013,Grampian,7,3,749
2013,Grampian,7,4,758
2013,Grampian,7,5,796
2013,Grampian,7,6,749
2013,Grampian,7,7,737
2013,Grampian,7,8,732
2013,Grampian,7,9,720
2013,Grampian,7,10,712
2013,Grampian,7,11,717
2013,Grampian,7,12,681
2013,Grampian,7,13,783
2013,Grampian,7,14,798
2013,Grampian,7,15,782
2013,Grampian,7,16,802
2013,Grampian,7,17,801
2013,Grampian,7,18,800
2013,Grampian,7,19,798
2013,Grampian,7,20,859
2013,Grampian,7,21,861
2013,Grampian,7,22,938
2013,Grampian,7,23,873
2013,Grampian,7,24,807
2013,Grampian,8,0,864
2013,Grampian,8,1,902
2013,Grampian,8,2,971
2013,Grampian,8,3,1020
2013,Grampian,8,4,994
2013,Grampian,8,5,1021
2013,Grampian,8,6,996
2013,Grampian,8,7,1008
2013,Grampian,8,8,971
2013,Grampian,8,9,942
2013,Grampian,8,10,993
2013,Grampian,8,11,959
2013,Grampian,8,12,930
2013,Grampian,8,13,957
2013,Grampian,8,14,998
2013,Grampian,8,15,987
2013,Grampian,8,16,1079
2013,Grampian,8,17,1006
2013,Grampian,8,18,1008
2013,Grampian,8,19,1062
2013,Grampian,8,20,1231
2013,Grampian,8,21,1269
2013,Grampian,8,22,1269
2013,Grampian,8,23,1120
2013,Grampian,8,24,1119
2013,Grampian,9,0,849
2013,Grampian,9,1,903
2013,Grampian,9,2,1027
2013,Grampian,9,3,1025
2013,Grampian,9,4,1007
2013,Grampian,9,5,1004
2013,Grampian,9,6,955
2013,Grampian,9,7,926
2013,Grampian,9,8,896
2013,Grampian,9,9,866
2013,Grampian,9,10,880
2013,Grampian,9,11,857
2013,Grampian,9,12,890
2013,Grampian,9,13,991
2013,Grampian,9,14,952
2013,Grampian,9,15,993
2013,Grampian,9,16,1018
2013,Grampian,9,17,983
2013,Grampian,9,18,1236
2013,Grampian,9,19,1265
2013,Grampian,9,20,1048
2013,Grampian,9,21,1060
2013,Grampian,9,22,1092
2013,Grampian,9,23,1055
2013,Grampian,9,24,1028
2013,Grampian,10,0,901
2013,Grampian,10,1,950
2013,Grampian,10,2,985
2013,Grampian,10,3,1025
2013,Grampian,10,4,1034
2013,Grampian,10,5,1009
2013,Grampian,10,6,993
2013,Grampian,10,7,944
2013,Grampian,10,8,920
2013,Grampian,10,9,870
2013,Grampian,10,10,880
2013,Grampian,10,11,790
2013,Grampian,10,12,907
2013,Grampian,10,13,919
2013,Grampian,10,14,1037
2013,Grampian,10,15,978
2013,Grampian,10,16,975
2013,Grampian,10,17,964
2013,Grampian,10,18,875
2013,Grampian,10,19,900
2013,Grampian,10,20,1005
2013,Grampian,10,21,1195
2013,Grampian,10,22,1242
2013,Grampian,10,23,1218
2013,Grampian,10,24,1280
2014,Grampian,1,0,104
2014,Grampian,1,1,121
2014,Grampian,1,2,118
2014,Grampian,1,3,107
2014,Grampian,1,4,99
2014,Grampian,1,5,110
2014,Grampian,1,6,124
2014,Grampian,1,7,104
2014,Grampian,1,8,83
2014,Grampian,1,9,79
2014,Grampian,1,10,76
2014,Grampian,1,11,55
2014,Grampian,1,12,64
2014,Grampian,1,13,65
2014,Grampian,1,14,75
2014,Grampian,1,15,81
2014,Grampian,1,16,84
2014,Grampian,1,17,83
2014,Grampian,1,18,87
2014,Grampian,1,19,83
2014,Grampian,1,20,89
2014,Grampian,1,21,95
2014,Grampian,1,22,134
2014,Grampian,1,23,152
2014,Grampian,1,24,133
2014,Grampian,2,0,427
2014,Grampian,2,1,414
2014,Grampian,2,2,424
2014,Grampian,2,3,402
2014,Grampian,2,4,365
2014,Grampian,2,5,371
2014,Grampian,2,6,386
2014,Grampian,2,7,290
2014,Grampian,2,8,324
2014,Grampian,2,9,252
2014,Grampian,2,10,260
2014,Grampian,2,11,240
2014,Grampian,2,12,270
2014,Grampian,2,13,221
2014,Grampian,2,14,251
2014,Grampian,2,15,241
2014,Grampian,2,16,258
2014,Grampian,2,17,251
2014,Grampian,2,18,248
2014,Grampian,2,19,255
2014,Grampian,2,20,292
2014,Grampian,2,21,409
2014,Grampian,2,22,499
2014,Grampian,2,23,549
2014,Grampian,2,24,459
2014,Grampian,3,0,494
2014,Grampian,3,1,477
2014,Grampian,3,2,514
2014,Grampian,3,3,466
2014,Grampian,3,4,449
2014,Grampian,3,5,392
2014,Grampian,3,6,391
2014,Grampian,3,7,342
2014,Grampian,3,8,352
2014,Grampian,3,9,353
2014,Grampian,3,10,333
2014,Grampian,3,11,338
2014,Grampian,3,12,317
2014,Grampian,3,13,325
2014,Grampian,3,14,351
2014,Grampian,3,15,359
2014,Grampian,3,16,373
2014,Grampian,3,17,378
2014,Grampian,3,18,351
2014,Grampian,3,19,366
2014,Grampian,3,20,475
2014,Grampian,3,21,524
2014,Grampian,3,22,654
2014,Grampian,3,23,627
2014,Grampian,3,24,664
2014,Grampian,4,0,605
2014,Grampian,4,1,647
2014,Grampian,4,2,623
2014,Grampian,4,3,600
2014,Grampian,4,4,567
2014,Grampian,4,5,623
2014,Grampian,4,6,575
2014,Grampian,4,7,533
2014,Grampian,4,8,480
2014,Grampian,4,9,483
2014,Grampian,4,10,450
2014,Grampian,4,11,457
2014,Grampian,4,12,466
2014,Grampian,4,13,428
2014,Grampian,4,14,472
2014,Grampian,4,15,444
2014,Grampian,4,16,469
2014,Grampian,4,17,506
2014,Grampian,4,18,639
2014,Grampian,4,19,774
2014,Grampian,4,20,928
2014,Grampian,4,21,1017
2014,Grampian,4,22,1184
2014,Grampian,4,23,1166
2014,Grampian,4,24,1119
2014,Grampian,5,0,500
2014,Grampian,5,1,497
2014,Grampian,5,2,567
2014,Grampian,5,3,527
2014,Grampian,5,4,563
2014,Grampian,5,5,545
2014,Grampian,5,6,528
2014,Grampian,5,7,534
2014,Grampian,5,8,516
2014,Grampian,5,9,465
2014,Grampian,5,10,452
2014,Grampian,5,11,468
2014,Grampian,5,12,484
2014,Grampian,5,13,474
2014,Grampian,5,14,510
2014,Grampian,5,15,434
2014,Grampian,5,16,518
2014,Grampian,5,17,526
2014,Grampian,5,18,500
2014,Grampian,5,19,560
2014,Grampian,5,20,618
2014,Grampian,5,21,718
2014,Grampian,5,22,740
2014,Grampian,5,23,730
2014,Grampian,5,24,770
2014,Grampian,6,0,687
2014,Grampian,6,1,737
2014,Grampian,6,2,709
2014,Grampian,6,3,724
2014,Grampian,6,4,764
2014,Grampian,6,5,731
2014,Grampian,6,6,693
2014,Grampian,6,7,705
2014,Grampian,6,8,667
2014,Grampian,6,9,658
2014,Grampian,6,10,660
2014,Grampian,6,11,571
2014,Grampian,6,12,627
2014,Grampian,6,13,697
2014,Grampian,6,14,638
2014,Grampian,6,15,733
2014,Grampian,6,16,758
2014,Grampian,6,17,789
2014,Grampian,6,18,962
2014,Grampian,6,19,1365
2014,Grampian,6,20,1343
2014,Grampian,6,21,1294
2014,Grampian,6,22,1255
2014,Grampian,6,23,1170
2014,Grampian,6,24,1095
2014,Grampian,7,0,742
2014,Grampian,7,1,801
2014,Grampian,7,2,695
2014,Grampian,7,3,815
2014,Grampian,7,4,779
2014,Grampian,7,5,780
2014,Grampian,7,6,827
2014,Grampian,7,7,749
2014,Grampian,7,8,757
2014,Grampian,7,9,738
2014,Grampian,7,10,716
2014,Grampian,7,11,733
2014,Grampian,7,12,713
2014,Grampian,7,13,686
2014,Grampian,7,14,778
2014,Grampian,7,15,805
2014,Grampian,7,16,775
2014,Grampian,7,17,808
2014,Grampian,7,18,763
2014,Grampian,7,19,814
2014,Grampian,7,20,841
2014,Grampian,7,21,830
2014,Grampian,7,22,902
2014,Grampian,7,23,909
2014,Grampian,7,24,860
2014,Grampian,8,0,991
2014,Grampian,8,1,919
2014,Grampian,8,2,918
2014,Grampian,8,3,1041
2014,Grampian,8,4,1058
2014,Grampian,8,5,1053
2014,Grampian,8,6,1054
2014,Grampian,8,7,1024
2014,Grampian,8,8,1021
2014,Grampian,8,9,999
2014,Grampian,8,10,968
2014,Grampian,8,11,1015
2014,Grampian,8,12,966
2014,Grampian,8,13,937
2014,Grampian,8,14,989
2014,Grampian,8,15,989
2014,Grampian,8,16,1001
2014,Grampian,8,17,1087
2014,Grampian,8,18,991
2014,Grampian,8,19,1003
2014,Grampian,8,20,1203
2014,Grampian,8,21,1285
2014,Grampian,8,22,1277
2014,Grampian,8,23,1244
2014,Grampian,8,24,1153
2014,Grampian,9,0,927
2014,Grampian,9,1,881
2014,Grampian,9,2,963
2014,Grampian,9,3,1054
2014,Grampian,9,4,1055
2014,Grampian,9,5,1053
2014,Grampian,9,6,1052
2014,Grampian,9,7,978
2014,Grampian,9,8,946
2014,Grampian,9,9,933
2014,Grampian,9,10,874
2014,Grampian,9,11,884
2014,Grampian,9,12,883
2014,Grampian,9,13,908
2014,Grampian,9,14,1009
2014,Grampian,9,15,975
2014,Grampian,9,16,1017
2014,Grampian,9,17,1030
2014,Grampian,9,18,1194
2014,Grampian,9,19,1301
2014,Grampian,9,20,1151
2014,Grampian,9,21,1013
2014,Grampian,9,22,1063
2014,Grampian,9,23,1210
2014,Grampian,9,24,1070
2014,Grampian,10,0,906
2014,Grampian,10,1,855
2014,Grampian,10,2,945
2014,Grampian,10,3,978
2014,Grampian,10,4,1039
2014,Grampian,10,5,1026
2014,Grampian,10,6,1015
2014,Grampian,10,7,990
2014,Grampian,10,8,942
2014,Grampian,10,9,905
2014,Grampian,10,10,885
2014,Grampian,10,11,858
2014,Grampian,10,12,785
2014,Grampian,10,13,897
2014,Grampian,10,14,906
2014,Grampian,10,15,1034
2014,Grampian,10,16,967
2014,Grampian,10,17,956
2014,Grampian,10,18,778
2014,Grampian,10,19,793
2014,Grampian,10,20,976
2014,Grampian,10,21,1088
2014,Grampian,10,22,1236
2014,Grampian,10,23,1303
2014,Grampian,10,24,1286
2015,Grampian,1,0,101
2015,Grampian,1,1,114
2015,Grampian,1,2,115
2015,Grampian,1,3,123
2015,Grampian,1,4,109
2015,Grampian,1,5,98
2015,Grampian,1,6,111
2015,Grampian,1,7,124
2015,Grampian,1,8,107
2015,Grampian,1,9,84
2015,Grampian,1,10,79
2015,Grampian,1,11,74
2015,Grampian,1,12,59
2015,Grampian,1,13,62
2015,Grampian,1,14,70
2015,Grampian,1,15,76
2015,Grampian,1,16,77
2015,Grampian,1,17,88
2015,Grampian,1,18,84
2015,Grampian,1,19,78
2015,Grampian,1,20,72
2015,Grampian,1,21,105
2015,Grampian,1,22,115
2015,Grampian,1,23,124
2015,Grampian,1,24,150
2015,Grampian,2,0,386
2015,Grampian,2,1,403
2015,Grampian,2,2,414
2015,Grampian,2,3,405
2015,Grampian,2,4,409
2015,Grampian,2,5,353
2015,Grampian,2,6,362
2015,Grampian,2,7,367
2015,Grampian,2,8,272
2015,Grampian,2,9,302
2015,Grampian,2,10,252
2015,Grampian,2,11,253
2015,Grampian,2,12,226
2015,Grampian,2,13,265
2015,Grampian,2,14,227
2015,Grampian,2,15,250
2015,Grampian,2,16,244
2015,Grampian,2,17,261
2015,Grampian,2,18,239
2015,Grampian,2,19,231
2015,Grampian,2,20,301
2015,Grampian,2,21,311
2015,Grampian,2,22,440
2015,Grampian,2,23,552
2015,Grampian,2,24,596
2015,Grampian,3,0,450
2015,Grampian,3,1,488
2015,Grampian,3,2,472
2015,Grampian,3,3,515
2015,Grampian,3,4,452
2015,Grampian,3,5,444
2015,Grampian,3,6,390
2015,Grampian,3,7,384
2015,Grampian,3,8,331
2015,Grampian,3,9,345
2015,Grampian,3,10,348
2015,Grampian,3,11,326
2015,Grampian,3,12,331
2015,Grampian,3,13,321
2015,Grampian,3,14,322
2015,Grampian,3,15,353
2015,Grampian,3,16,360
2015,Grampian,3,17,382
2015,Grampian,3,18,345
2015,Grampian,3,19,347
2015,Grampian,3,20,437
2015,Grampian,3,21,528
2015,Grampian,3,22,515
2015,Grampian,3,23,725
2015,Grampian,3,24,651
2015,Grampian,4,0,595
2015,Grampian,4,1,589
2015,Grampian,4,2,633
2015,Grampian,4,3,601
2015,Grampian,4,4,583
2015,Grampian,4,5,549
2015,Grampian,4,6,627
2015,Grampian,4,7,579
2015,Grampian,4,8,529
2015,Grampian,4,9,481
2015,Grampian,4,10,477
2015,Grampian,4,11,433
2015,Grampian,4,12,451
2015,Grampian,4,13,454
2015,Grampian,4,14,422
2015,Grampian,4,15,465
2015,Grampian,4,16,442
2015,Grampian,4,17,494
2015,Grampian,4,18,622
2015,Grampian,4,19,805
2015,Grampian,4,20,893
2015,Grampian,4,21,1003
2015,Grampian,4,22,1024
2015,Grampian,4,23,1166
2015,Grampian,4,24,1174
2015,Grampian,5,0,525
2015,Grampian,5,1,509
2015,Grampian,5,2,517
2015,Grampian,5,3,562
2015,Grampian,5,4,547
2015,Grampian,5,5,558
2015,Grampian,5,6,530
2015,Grampian,5,7,525
2015,Grampian,5,8,519
2015,Grampian,5,9,517
2015,Grampian,5,10,449
2015,Grampian,5,11,458
2015,Grampian,5,12,482
2015,Grampian,5,13,473
2015,Grampian,5,14,458
2015,Grampian,5,15,513
2015,Grampian,5,16,429
2015,Grampian,5,17,516
2015,Grampian,5,18,487
2015,Grampian,5,19,545
2015,Grampian,5,20,596
2015,Grampian,5,21,639
2015,Grampian,5,22,741
2015,Grampian,5,23,761
2015,Grampian,5,24,737
2015,Grampian,6,0,662
2015,Grampian,6,1,704
2015,Grampian,6,2,730
2015,Grampian,6,3,710
2015,Grampian,6,4,718
2015,Grampian,6,5,777
2015,Grampian,6,6,748
2015,Grampian,6,7,712
2015,Grampian,6,8,713
2015,Grampian,6,9,658
2015,Grampian,6,10,660
2015,Grampian,6,11,674
2015,Grampian,6,12,583
2015,Grampian,6,13,628
2015,Grampian,6,14,695
2015,Grampian,6,15,643
2015,Grampian,6,16,742
2015,Grampian,6,17,767
2015,Grampian,6,18,1020
2015,Grampian,6,19,1327
2015,Grampian,6,20,1387
2015,Grampian,6,21,1262
2015,Grampian,6,22,1246
2015,Grampian,6,23,1196
2015,Grampian,6,24,1137
2015,Grampian,7,0,710
2015,Grampian,7,1,751
2015,Grampian,7,2,806
2015,Grampian,7,3,723
2015,Grampian,7,4,847
2015,Grampian,7,5,799
2015,Grampian,7,6,806
2015,Grampian,7,7,840
2015,Grampian,7,8,759
2015,Grampian,7,9,765
2015,Grampian,7,10,737
2015,Grampian,7,11,715
2015,Grampian,7,12,732
2015,Grampian,7,13,731
2015,Grampian,7,14,701
2015,Grampian,7,15,775
2015,Grampian,7,16,821
2015,Grampian,7,17,753
2015,Grampian,7,18,795
2015,Grampian,7,19,788
2015,Grampian,7,20,857
2015,Grampian,7,21,845
2015,Grampian,7,22,816
2015,Grampian,7,23,902
2015,Grampian,7,24,906
2015,Grampian,8,0,1038
2015,Grampian,8,1,1010
2015,Grampian,8,2,948
2015,Grampian,8,3,929
2015,Grampian,8,4,1076
2015,Grampian,8,5,1088
2015,Grampian,8,6,1054
2015,Grampian,8,7,1076
2015,Grampian,8,8,1044
2015,Grampian,8,9,1043
2015,Grampian,8,10,1017
2015,Grampian,8,11,988
2015,Grampian,8,12,1027
2015,Grampian,8,13,978
2015,Grampian,8,14,941
2015,Grampian,8,15,1002
2015,Grampian,8,16,994
2015,Grampian,8,17,1020
2015,Grampian,8,18,1001
2015,Grampian,8,19,1011
2015,Grampian,8,20,1217
2015,Grampian,8,21,1271
2015,Grampian,8,22,1312
2015,Grampian,8,23,1245
2015,Grampian,8,24,1262
2015,Grampian,9,0,941
2015,Grampian,9,1,945
2015,Grampian,9,2,931
2015,Grampian,9,3,1015
2015,Grampian,9,4,1043
2015,Grampian,9,5,1042
2015,Grampian,9,6,1076
2015,Grampian,9,7,1032
2015,Grampian,9,8,993
2015,Grampian,9,9,951
2015,Grampian,9,10,934
2015,Grampian,9,11,883
2015,Grampian,9,12,878
2015,Grampian,9,13,885
2015,Grampian,9,14,933
2015,Grampian,9,15,1026
2015,Grampian,9,16,989
2015,Grampian,9,17,1020
2015,Grampian,9,18,1230
2015,Grampian,9,19,1164
2015,Grampian,9,20,1061
2015,Grampian,9,21,1071
2015,Grampian,9,22,984
2015,Grampian,9,23,1104
2015,Grampian,9,24,1196
2015,Grampian,10,0,857
2015,Grampian,10,1,899
2015,Grampian,10,2,840
2015,Grampian,10,3,926
2015,Grampian,10,4,962
2015,Grampian,10,5,1026
2015,Grampian,10,6,995
2015,Grampian,10,7,1011
2015,Grampian,10,8,1009
2015,Grampian,10,9,931
2015,Grampian,10,10,908
2015,Grampian,10,11,892
2015,Grampian,10,12,872
2015,Grampian,10,13,782
2015,Grampian,10,14,893
2015,Grampian,10,15,893
2015,Grampian,10,16,1033
2015,Grampian,10,17,963
2015,Grampian,10,18,815
2015,Grampian,10,19,709
2015,Grampian,10,20,907
2015,Grampian,10,21,1028
2015,Grampian,10,22,1157
2015,Grampian,10,23,1322
2015,Grampian,10,24,1336
2016,Grampian,1,0,110
2016,Grampian,1,1,90
2016,Grampian,1,2,103
2016,Grampian,1,3,104
2016,Grampian,1,4,120
2016,Grampian,1,5,104
2016,Grampian,1,6,88
2016,Grampian,1,7,104
2016,Grampian,1,8,122
2016,Grampian,1,9,105
2016,Grampian,1,10,88
2016,Grampian,1,11,79
2016,Grampian,1,12,76
2016,Grampian,1,13,64
2016,Grampian,1,14,70
2016,Grampian,1,15,66
2016,Grampian,1,16,87
2016,Grampian,1,17,78
2016,Grampian,1,18,81
2016,Grampian,1,19,78
2016,Grampian,1,20,86
2016,Grampian,1,21,78
2016,Grampian,1,22,116
2016,Grampian,1,23,106
2016,Grampian,1,24,128
2016,Grampian,2,0,441
2016,Grampian,2,1,374
2016,Grampian,2,2,406
2016,Grampian,2,3,406
2016,Grampian,2,4,373
2016,Grampian,2,5,383
2016,Grampian,2,6,335
2016,Grampian,2,7,352
2016,Grampian,2,8,337
2016,Grampian,2,9,254
2016,Grampian,2,10,290
2016,Grampian,2,11,234
2016,Grampian,2,12,227
2016,Grampian,2,13,206
2016,Grampian,2,14,247
2016,Grampian,2,15,229
2016,Grampian,2,16,254
2016,Grampian,2,17,238
2016,Grampian,2,18,219
2016,Grampian,2,19,247
2016,Grampian,2,20,260
2016,Grampian,2,21,314
2016,Grampian,2,22,336
2016,Grampian,2,23,477
2016,Grampian,2,24,558
2016,Grampian,3,0,464
2016,Grampian,3,1,469
2016,Grampian,3,2,473
2016,Grampian,3,3,455
2016,Grampian,3,4,482
2016,Grampian,3,5,434
2016,Grampian,3,6,449
2016,Grampian,3,7,369
2016,Grampian,3,8,375
2016,Grampian,3,9,345
2016,Grampian,3,10,338
2016,Grampian,3,11,342
2016,Grampian,3,12,322
2016,Grampian,3,13,335
2016,Grampian,3,14,321
2016,Grampian,3,15,318
2016,Grampian,3,16,352
2016,Grampian,3,17,378
2016,Grampian,3,18,354
2016,Grampian,3,19,344
2016,Grampian,3,20,431
2016,Grampian,3,21,481
2016,Grampian,3,22,510
2016,Grampian,3,23,559
2016,Grampian,3,24,716
2016,Grampian,4,0,569
2016,Grampian,4,1,541
2016,Grampian,4,2,585
2016,Grampian,4,3,604
2016,Grampian,4,4,591
2016,Grampian,4,5,572
2016,Grampian,4,6,541
2016,Grampian,4,7,594
2016,Grampian,4,8,571
2016,Grampian,4,9,527
2016,Grampian,4,10,468
2016,Grampian,4,11,462
2016,Grampian,4,12,448
2016,Grampian,4,13,452
2016,Grampian,4,14,440
2016,Grampian,4,15,426
2016,Grampian,4,16,464
2016,Grampian,4,17,465
2016,Grampian,4,18,571
2016,Grampian,4,19,791
2016,Grampian,4,20,899
2016,Grampian,4,21,953
2016,Grampian,4,22,988
2016,Grampian,4,23,999
2016,Grampian,4,24,1131
2016,Grampian,5,0,525
2016,Grampian,5,1,508
2016,Grampian,5,2,526
2016,Grampian,5,3,543
2016,Grampian,5,4,546
2016,Grampian,5,5,556
2016,Grampian,5,6,551
2016,Grampian,5,7,558
2016,Grampian,5,8,540
2016,Grampian,5,9,510
2016,Grampian,5,10,537
2016,Grampian,5,11,449
2016,Grampian,5,12,465
2016,Grampian,5,13,488
2016,Grampian,5,14,454
2016,Grampian,5,15,455
2016,Grampian,5,16,504
2016,Grampian,5,17,429
2016,Grampian,5,18,481
2016,Grampian,5,19,483
2016,Grampian,5,20,573
2016,Grampian,5,21,650
2016,Grampian,5,22,645
2016,Grampian,5,23,749
2016,Grampian,5,24,755
2016,Grampian,6,0,660
2016,Grampian,6,1,683
2016,Grampian,6,2,677
2016,Grampian,6,3,703
2016,Grampian,6,4,716
2016,Grampian,6,5,728
2016,Grampian,6,6,785
2016,Grampian,6,7,771
2016,Grampian,6,8,700
2016,Grampian,6,9,718
2016,Grampian,6,10,653
2016,Grampian,6,11,659
2016,Grampian,6,12,675
2016,Grampian,6,13,588
2016,Grampian,6,14,641
2016,Grampian,6,15,707
2016,Grampian,6,16,655
2016,Grampian,6,17,744
2016,Grampian,6,18,976
2016,Grampian,6,19,1341
2016,Grampian,6,20,1297
2016,Grampian,6,21,1223
2016,Grampian,6,22,1197
2016,Grampian,6,23,1158
2016,Grampian,6,24,1121
2016,Grampian,7,0,770
2016,Grampian,7,1,733
2016,Grampian,7,2,730
2016,Grampian,7,3,777
2016,Grampian,7,4,716
2016,Grampian,7,5,870
2016,Grampian,7,6,788
2016,Grampian,7,7,814
2016,Grampian,7,8,850
2016,Grampian,7,9,743
2016,Grampian,7,10,768
2016,Grampian,7,11,749
2016,Grampian,7,12,705
2016,Grampian,7,13,744
2016,Grampian,7,14,745
2016,Grampian,7,15,700
2016,Grampian,7,16,776
2016,Grampian,7,17,800
2016,Grampian,7,18,707
2016,Grampian,7,19,810
2016,Grampian,7,20,841
2016,Grampian,7,21,836
2016,Grampian,7,22,847
2016,Grampian,7,23,810
2016,Grampian,7,24,869
2016,Grampian,8,0,1032
2016,Grampian,8,1,1057
2016,Grampian,8,2,1032
2016,Grampian,8,3,1007
2016,Grampian,8,4,967
2016,Grampian,8,5,1085
2016,Grampian,8,6,1135
2016,Grampian,8,7,1082
2016,Grampian,8,8,1116
2016,Grampian,8,9,1071
2016,Grampian,8,10,1070
2016,Grampian,8,11,1029
2016,Grampian,8,12,1006
2016,Grampian,8,13,1019
2016,Grampian,8,14,993
2016,Grampian,8,15,940
2016,Grampian,8,16,1004
2016,Grampian,8,17,991
2016,Grampian,8,18,979
2016,Grampian,8,19,993
2016,Grampian,8,20,1197
2016,Grampian,8,21,1250
2016,Grampian,8,22,1234
2016,Grampian,8,23,1248
2016,Grampian,8,24,1233
2016,Grampian,9,0,928
2016,Grampian,9,1,950
2016,Grampian,9,2,972
2016,Grampian,9,3,915
2016,Grampian,9,4,1036
2016,Grampian,9,5,1032
2016,Grampian,9,6,1054
2016,Grampian,9,7,1060
2016,Grampian,9,8,1037
2016,Grampian,9,9,1014
2016,Grampian,9,10,941
2016,Grampian,9,11,942
2016,Grampian,9,12,884
2016,Grampian,9,13,869
2016,Grampian,9,14,880
2016,Grampian,9,15,955
2016,Grampian,9,16,1037
2016,Grampian,9,17,1009
2016,Grampian,9,18,1196
2016,Grampian,9,19,1231
2016,Grampian,9,20,980
2016,Grampian,9,21,994
2016,Grampian,9,22,1046
2016,Grampian,9,23,969
2016,Grampian,9,24,1105
2016,Grampian,10,0,942
2016,Grampian,10,1,861
2016,Grampian,10,2,868
2016,Grampian,10,3,881
2016,Grampian,10,4,932
2016,Grampian,10,5,976
2016,Grampian,10,6,1009
2016,Grampian,10,7,980
2016,Grampian,10,8,1005
2016,Grampian,10,9,991
2016,Grampian,10,10,928
2016,Grampian,10,11,907
2016,Grampian,10,12,898
2016,Grampian,10,13,882
2016,Grampian,10,14,779
2016,Grampian,10,15,890
2016,Grampian,10,16,893
2016,Grampian,10,17,1006
2016,Grampian,10,18,784
2016,Grampian,10,19,774
2016,Grampian,10,20,804
2016,Grampian,10,21,986
2016,Grampian,10,22,1038
2016,Grampian,10,23,1199
2016,Grampian,10,24,1338
2017,Grampian,1,0,98
2017,Grampian,1,1,119
2017,Grampian,1,2,96
2017,Grampian,1,3,110
2017,Grampian,1,4,100
2017,Grampian,1,5,112
2017,Grampian,1,6,106
2017,Grampian,1,7,93
2017,Grampian,1,8,107
2017,Grampian,1,9,116
2017,Grampian,1,10,101
2017,Grampian,1,11,83
2017,Grampian,1,12,85
2017,Grampian,1,13,73
2017,Grampian,1,14,63
2017,Grampian,1,15,75
2017,Grampian,1,16,61
2017,Grampian,1,17,82
2017,Grampian,1,18,75
2017,Grampian,1,19,70
2017,Grampian,1,20,83
2017,Grampian,1,21,84
2017,Grampian,1,22,71
2017,Grampian,1,23,105
2017,Grampian,1,24,103
2017,Grampian,2,0,350
2017,Grampian,2,1,395
2017,Grampian,2,2,332
2017,Grampian,2,3,373
2017,Grampian,2,4,382
2017,Grampian,2,5,343
2017,Grampian,2,6,351
2017,Grampian,2,7,314
2017,Grampian,2,8,328
2017,Grampian,2,9,317
2017,Grampian,2,10,237
2017,Grampian,2,11,269
2017,Grampian,2,12,222
2017,Grampian,2,13,215
2017,Grampian,2,14,207
2017,Grampian,2,15,245
2017,Grampian,2,16,231
2017,Grampian,2,17,254
2017,Grampian,2,18,224
2017,Grampian,2,19,225
2017,Grampian,2,20,269
2017,Grampian,2,21,285
2017,Grampian,2,22,351
2017,Grampian,2,23,330
2017,Grampian,2,24,449
2017,Grampian,3,0,430
2017,Grampian,3,1,441
2017,Grampian,3,2,458
2017,Grampian,3,3,453
2017,Grampian,3,4,457
2017,Grampian,3,5,479
2017,Grampian,3,6,423
2017,Grampian,3,7,432
2017,Grampian,3,8,359
2017,Grampian,3,9,368
2017,Grampian,3,10,325
2017,Grampian,3,11,339
2017,Grampian,3,12,338
2017,Grampian,3,13,304
2017,Grampian,3,14,330
2017,Grampian,3,15,310
2017,Grampian,3,16,324
2017,Grampian,3,17,351
2017,Grampian,3,18,350
2017,Grampian,3,19,342
2017,Grampian,3,20,416
2017,Grampian,3,21,485
2017,Grampian,3,22,455
2017,Grampian,3,23,518
2017,Grampian,3,24,575
2017,Grampian,4,0,564
2017,Grampian,4,1,571
2017,Grampian,4,2,542
2017,Grampian,4,3,567
2017,Grampian,4,4,590
2017,Grampian,4,5,584
2017,Grampian,4,6,579
2017,Grampian,4,7,521
2017,Grampian,4,8,576
2017,Grampian,4,9,574
2017,Grampian,4,10,522
2017,Grampian,4,11,457
2017,Grampian,4,12,450
2017,Grampian,4,13,426
2017,Grampian,4,14,457
2017,Grampian,4,15,443
2017,Grampian,4,16,422
2017,Grampian,4,17,459
2017,Grampian,4,18,558
2017,Grampian,4,19,695
2017,Grampian,4,20,886
2017,Grampian,4,21,962
2017,Grampian,4,22,937
2017,Grampian,4,23,918
2017,Grampian,4,24,944
2017,Grampian,5,0,477
2017,Grampian,5,1,510
2017,Grampian,5,2,494
2017,Grampian,5,3,478
2017,Grampian,5,4,548
2017,Grampian,5,5,531
2017,Grampian,5,6,541
2017,Grampian,5,7,539
2017,Grampian,5,8,569
2017,Grampian,5,9,542
2017,Grampian,5,10,515
2017,Grampian,5,11,543
2017,Grampian,5,12,460
2017,Grampian,5,13,461
2017,Grampian,5,14,493
2017,Grampian,5,15,435
2017,Grampian,5,16,444
2017,Grampian,5,17,487
2017,Grampian,5,18,386
2017,Grampian,5,19,509
2017,Grampian,5,20,524
2017,Grampian,5,21,597
2017,Grampian,5,22,666
2017,Grampian,5,23,637
2017,Grampian,5,24,710
2017,Grampian,6,0,665
2017,Grampian,6,1,663
2017,Grampian,6,2,693
2017,Grampian,6,3,679
2017,Grampian,6,4,689
2017,Grampian,6,5,706
2017,Grampian,6,6,728
2017,Grampian,6,7,796
2017,Grampian,6,8,761
2017,Grampian,6,9,700
2017,Grampian,6,10,710
2017,Grampian,6,11,654
2017,Grampian,6,12,665
2017,Grampian,6,13,686
2017,Grampian,6,14,581
2017,Grampian,6,15,648
2017,Grampian,6,16,712
2017,Grampian,6,17,669
2017,Grampian,6,18,932
2017,Grampian,6,19,1281
2017,Grampian,6,20,1287
2017,Grampian,6,21,1166
2017,Grampian,6,22,1129
2017,Grampian,6,23,1101
2017,Grampian,6,24,1048
2017,Grampian,7,0,695
2017,Grampian,7,1,780
2017,Grampian,7,2,747
2017,Grampian,7,3,734
2017,Grampian,7,4,809
2017,Grampian,7,5,743
2017,Grampian,7,6,857
2017,Grampian,7,7,812
2017,Grampian,7,8,815
2017,Grampian,7,9,873
2017,Grampian,7,10,750
2017,Grampian,7,11,780
2017,Grampian,7,12,753
2017,Grampian,7,13,719
2017,Grampian,7,14,740
2017,Grampian,7,15,743
2017,Grampian,7,16,704
2017,Grampian,7,17,787
2017,Grampian,7,18,763
2017,Grampian,7,19,716
2017,Grampian,7,20,846
2017,Grampian,7,21,835
2017,Grampian,7,22,856
2017,Grampian,7,23,822
2017,Grampian,7,24,790
2017,Grampian,8,0,1004
2017,Grampian,8,1,1089
2017,Grampian,8,2,1072
2017,Grampian,8,3,1060
2017,Grampian,8,4,1027
2017,Grampian,8,5,990
2017,Grampian,8,6,1100
2017,Grampian,8,7,1164
2017,Grampian,8,8,1106
2017,Grampian,8,9,1138
2017,Grampian,8,10,1080
2017,Grampian,8,11,1071
2017,Grampian,8,12,1023
2017,Grampian,8,13,1025
2017,Grampian,8,14,1028
2017,Grampian,8,15,989
2017,Grampian,8,16,945
2017,Grampian,8,17,980
2017,Grampian,8,18,960
2017,Grampian,8,19,928
2017,Grampian,8,20,1163
2017,Grampian,8,21,1228
2017,Grampian,8,22,1225
2017,Grampian,8,23,1183
2017,Grampian,8,24,1216
2017,Grampian,9,0,895
2017,Grampian,9,1,925
2017,Grampian,9,2,951
2017,Grampian,9,3,1003
2017,Grampian,9,4,907
2017,Grampian,9,5,1022
2017,Grampian,9,6,1058
2017,Grampian,9,7,1059
2017,Grampian,9,8,1064
2017,Grampian,9,9,1037
2017,Grampian,9,10,1039
2017,Grampian,9,11,943
2017,Grampian,9,12,945
2017,Grampian,9,13,901
2017,Grampian,9,14,900
2017,Grampian,9,15,893
2017,Grampian,9,16,957
2017,Grampian,9,17,1083
2017,Grampian,9,18,1137
2017,Grampian,9,19,1149
2017,Grampian,9,20,1033
2017,Grampian,9,21,924
2017,Grampian,9,22,922
2017,Grampian,9,23,1078
2017,Grampian,9,24,977
2017,Grampian,10,0,806
2017,Grampian,10,1,948
2017,Grampian,10,2,849
2017,Grampian,10,3,866
2017,Grampian,10,4,881
2017,Grampian,10,5,936
2017,Grampian,10,6,984
2017,Grampian,10,7,1007
2017,Grampian,10,8,984
2017,Grampian,10,9,1008
2017,Grampian,10,10,992
2017,Grampian,10,11,923
2017,Grampian,10,12,923
2017,Grampian,10,13,892
2017,Grampian,10,14,869
2017,Grampian,10,15,773
2017,Grampian,10,16,889
2017,Grampian,10,17,880
2017,Grampian,10,18,832
2017,Grampian,10,19,693
2017,Grampian,10,20,905
2017,Grampian,10,21,928
2017,Grampian,10,22,1016
2017,Grampian,10,23,1010
2017,Grampian,10,24,1174
2018,Grampian,1,0,84
2018,Grampian,1,1,87
2018,Grampian,1,2,116
2018,Grampian,1,3,99
2018,Grampian,1,4,112
2018,Grampian,1,5,92
2018,Grampian,1,6,107
2018,Grampian,1,7,99
2018,Grampian,1,8,92
2018,Grampian,1,9,98
2018,Grampian,1,10,113
2018,Grampian,1,11,99
2018,Grampian,1,12,84
2018,Grampian,1,13,75
2018,Grampian,1,14,73
2018,Grampian,1,15,53
2018,Grampian,1,16,77
2018,Grampian,1,17,65
2018,Grampian,1,18,76
2018,Grampian,1,19,71
2018,Grampian,1,20,76
2018,Grampian,1,21,86
2018,Grampian,1,22,78
2018,Grampian,1,23,81
2018,Grampian,1,24,99
2018,Grampian,2,0,320
2018,Grampian,2,1,343
2018,Grampian,2,2,374
2018,Grampian,2,3,315
2018,Grampian,2,4,351
2018,Grampian,2,5,347
2018,Grampian,2,6,329
2018,Grampian,2,7,334
2018,Grampian,2,8,292
2018,Grampian,2,9,310
2018,Grampian,2,10,300
2018,Grampian,2,11,230
2018,Grampian,2,12,255
2018,Grampian,2,13,218
2018,Grampian,2,14,209
2018,Grampian,2,15,204
2018,Grampian,2,16,237
2018,Grampian,2,17,229
2018,Grampian,2,18,230
2018,Grampian,2,19,214
2018,Grampian,2,20,248
2018,Grampian,2,21,312
2018,Grampian,2,22,315
2018,Grampian,2,23,361
2018,Grampian,2,24,347
2018,Grampian,3,0,416
2018,Grampian,3,1,412
2018,Grampian,3,2,427
2018,Grampian,3,3,448
2018,Grampian,3,4,427
2018,Grampian,3,5,466
2018,Grampian,3,6,466
2018,Grampian,3,7,422
2018,Grampian,3,8,424
2018,Grampian,3,9,352
2018,Grampian,3,10,378
2018,Grampian,3,11,313
2018,Grampian,3,12,343
2018,Grampian,3,13,332
2018,Grampian,3,14,314
2018,Grampian,3,15,330
2018,Grampian,3,16,311
2018,Grampian,3,17,327
2018,Grampian,3,18,307
2018,Grampian,3,19,343
2018,Grampian,3,20,388
2018,Grampian,3,21,468
2018,Grampian,3,22,464
2018,Grampian,3,23,467
2018,Grampian,3,24,497
2018,Grampian,4,0,559
2018,Grampian,4,1,517
2018,Grampian,4,2,549
2018,Grampian,4,3,535
2018,Grampian,4,4,542
2018,Grampian,4,5,597
2018,Grampian,4,6,552
2018,Grampian,4,7,560
2018,Grampian,4,8,533
2018,Grampian,4,9,570
2018,Grampian,4,10,557
2018,Grampian,4,11,513
2018,Grampian,4,12,457
2018,Grampian,4,13,434
2018,Grampian,4,14,409
2018,Grampian,4,15,460
2018,Grampian,4,16,428
2018,Grampian,4,17,413
2018,Grampian,4,18,538
2018,Grampian,4,19,686
2018,Grampian,4,20,795
2018,Grampian,4,21,950
2018,Grampian,4,22,959
2018,Grampian,4,23,910
2018,Grampian,4,24,888
2018,Grampian,5,0,469
2018,Grampian,5,1,475
2018,Grampian,5,2,510
2018,Grampian,5,3,477
2018,Grampian,5,4,476
2018,Grampian,5,5,533
2018,Grampian,5,6,517
2018,Grampian,5,7,527
2018,Grampian,5,8,516
2018,Grampian,5,9,564
2018,Grampian,5,10,533
2018,Grampian,5,11,505
2018,Grampian,5,12,544
2018,Grampian,5,13,465
2018,Grampian,5,14,462
2018,Grampian,5,15,498
2018,Grampian,5,16,445
2018,Grampian,5,17,446
2018,Grampian,5,18,454
2018,Grampian,5,19,420
2018,Grampian,5,20,549
2018,Grampian,5,21,556
2018,Grampian,5,22,622
2018,Grampian,5,23,675
2018,Grampian,5,24,637
2018,Grampian,6,0,655
2018,Grampian,6,1,683
2018,Grampian,6,2,653
2018,Grampian,6,3,701
2018,Grampian,6,4,677
2018,Grampian,6,5,699
2018,Grampian,6,6,708
2018,Grampian,6,7,741
2018,Grampian,6,8,799
2018,Grampian,6,9,773
2018,Grampian,6,10,724
2018,Grampian,6,11,703
2018,Grampian,6,12,672
2018,Grampian,6,13,677
2018,Grampian,6,14,694
2018,Grampian,6,15,579
2018,Grampian,6,16,651
2018,Grampian,6,17,706
2018,Grampian,6,18,833
2018,Grampian,6,19,1199
2018,Grampian,6,20,1253
2018,Grampian,6,21,1123
2018,Grampian,6,22,1120
2018,Grampian,6,23,1045
2018,Grampian,6,24,1010
2018,Grampian,7,0,713
2018,Grampian,7,1,705
2018,Grampian,7,2,751
2018,Grampian,7,3,739
2018,Grampian,7,4,744
2018,Grampian,7,5,800
2018,Grampian,7,6,756
2018,Grampian,7,7,861
2018,Grampian,7,8,798
2018,Grampian,7,9,825
2018,Grampian,7,10,867
2018,Grampian,7,11,754
2018,Grampian,7,12,774
2018,Grampian,7,13,744
2018,Grampian,7,14,717
2018,Grampian,7,15,730
2018,Grampian,7,16,738
2018,Grampian,7,17,694
2018,Grampian,7,18,711
2018,Grampian,7,19,742
2018,Grampian,7,20,751
2018,Grampian,7,21,805
2018,Grampian,7,22,828
2018,Grampian,7,23,821
2018,Grampian,7,24,758
2018,Grampian,8,0,988
2018,Grampian,8,1,1027
2018,Grampian,8,2,1104
2018,Grampian,8,3,1073
2018,Grampian,8,4,1063
2018,Grampian,8,5,1028
2018,Grampian,8,6,1000
2018,Grampian,8,7,1110
2018,Grampian,8,8,1209
2018,Grampian,8,9,1092
2018,Grampian,8,10,1131
2018,Grampian,8,11,1080
2018,Grampian,8,12,1067
2018,Grampian,8,13,1029
2018,Grampian,8,14,1011
2018,Grampian,8,15,1039
2018,Grampian,8,16,982
2018,Grampian,8,17,964
2018,Grampian,8,18,924
2018,Grampian,8,19,979
2018,Grampian,8,20,1100
2018,Grampian,8,21,1169
2018,Grampian,8,22,1187
2018,Grampian,8,23,1157
2018,Grampian,8,24,1157
2018,Grampian,9,0,929
2018,Grampian,9,1,918
2018,Grampian,9,2,971
2018,Grampian,9,3,994
2018,Grampian,9,4,1030
2018,Grampian,9,5,935
2018,Grampian,9,6,1041
2018,Grampian,9,7,1082
2018,Grampian,9,8,1071
2018,Grampian,9,9,1090
2018,Grampian,9,10,1044
2018,Grampian,9,11,1060
2018,Grampian,9,12,967
2018,Grampian,9,13,973
2018,Grampian,9,14,934
2018,Grampian,9,15,927
2018,Grampian,9,16,913
2018,Grampian,9,17,993
2018,Grampian,9,18,1185
2018,Grampian,9,19,1099
2018,Grampian,9,20,931
2018,Grampian,9,21,948
2018,Grampian,9,22,886
2018,Grampian,9,23,933
2018,Grampian,9,24,1045
2018,Grampian,10,0,774
2018,Grampian,10,1,813
2018,Grampian,10,2,949
2018,Grampian,10,3,849
2018,Grampian,10,4,894
2018,Grampian,10,5,876
2018,Grampian,10,6,959
2018,Grampian,10,7,997
2018,Grampian,10,8,1016
2018,Grampian,10,9,996
2018,Grampian,10,10,1012
2018,Grampian,10,11,977
2018,Grampian,10,12,910
2018,Grampian,10,13,915
2018,Grampian,10,14,902
2018,Grampian,10,15,868
2018,Grampian,10,16,786
2018,Grampian,10,17,880
2018,Grampian,10,18,731
2018,Grampian,10,19,742
2018,Grampian,10,20,791
2018,Grampian,10,21,966
2018,Grampian,10,22,930
2018,Grampian,10,23,1027
2018,Grampian,10,24,964
2019,Grampian,1,0,100
2019,Grampian,1,1,78
2019,Grampian,1,2,86
2019,Grampian,1,3,112
2019,Grampian,1,4,103
2019,Grampian,1,5,107
2019,Grampian,1,6,97
2019,Grampian,1,7,104
2019,Grampian,1,8,87
2019,Grampian,1,9,87
2019,Grampian,1,10,98
2019,Grampian,1,11,106
2019,Grampian,1,12,93
2019,Grampian,1,13,81
2019,Grampian,1,14,75
2019,Grampian,1,15,73
2019,Grampian,1,16,54
2019,Grampian,1,17,71
2019,Grampian,1,18,48
2019,Grampian,1,19,74
2019,Grampian,1,20,80
2019,Grampian,1,21,75
2019,Grampian,1,22,80
2019,Grampian,1,23,83
2019,Grampian,1,24,76
2019,Grampian,2,0,321
2019,Grampian,2,1,301
2019,Grampian,2,2,331
2019,Grampian,2,3,360
2019,Grampian,2,4,285
2019,Grampian,2,5,329
2019,Grampian,2,6,332
2019,Grampian,2,7,321
2019,Grampian,2,8,321
2019,Grampian,2,9,267
2019,Grampian,2,10,286
2019,Grampian,2,11,288
2019,Grampian,2,12,223
2019,Grampian,2,13,261
2019,Grampian,2,14,213
2019,Grampian,2,15,216
2019,Grampian,2,16,221
2019,Grampian,2,17,237
2019,Grampian,2,18,227
2019,Grampian,2,19,229
2019,Grampian,2,20,234
2019,Grampian,2,21,264
2019,Grampian,2,22,327
2019,Grampian,2,23,323
2019,Grampian,2,24,363
2019,Grampian,3,0,403
2019,Grampian,3,1,413
2019,Grampian,3,2,404
2019,Grampian,3,3,404
2019,Grampian,3,4,455
2019,Grampian,3,5,419
2019,Grampian,3,6,451
2019,Grampian,3,7,465
2019,Grampian,3,8,402
2019,Grampian,3,9,405
2019,Grampian,3,10,338
2019,Grampian,3,11,373
2019,Grampian,3,12,313
2019,Grampian,3,13,343
2019,Grampian,3,14,333
2019,Grampian,3,15,321
2019,Grampian,3,16,324
2019,Grampian,3,17,313
2019,Grampian,3,18,279
2019,Grampian,3,19,297
2019,Grampian,3,20,394
2019,Grampian,3,21,422
2019,Grampian,3,22,453
2019,Grampian,3,23,497
2019,Grampian,3,24,477
2019,Grampian,4,0,494
2019,Grampian,4,1,528
2019,Grampian,4,2,509
2019,Grampian,4,3,550
2019,Grampian,4,4,526
2019,Grampian,4,5,532
2019,Grampian,4,6,599
2019,Grampian,4,7,536
2019,Grampian,4,8,562
2019,Grampian,4,9,555
2019,Grampian,4,10,550
2019,Grampian,4,11,541
2019,Grampian,4,12,497
2019,Grampian,4,13,450
2019,Grampian,4,14,423
2019,Grampian,4,15,409
2019,Grampian,4,16,446
2019,Grampian,4,17,451
2019,Grampian,4,18,492
2019,Grampian,4,19,699
2019,Grampian,4,20,781
2019,Grampian,4,21,877
2019,Grampian,4,22,944
2019,Grampian,4,23,948
2019,Grampian,4,24,887
2019,Grampian,5,0,417
2019,Grampian,5,1,443
2019,Grampian,5,2,478
2019,Grampian,5,3,506
2019,Grampian,5,4,479
2019,Grampian,5,5,478
2019,Grampian,5,6,521
2019,Grampian,5,7,521
2019,Grampian,5,8,521
2019,Grampian,5,9,521
2019,Grampian,5,10,556
2019,Grampian,5,11,525
2019,Grampian,5,12,485
2019,Grampian,5,13,536
2019,Grampian,5,14,458
2019,Grampian,5,15,452
2019,Grampian,5,16,503
2019,Grampian,5,17,436
2019,Grampian,5,18,411
2019,Grampian,5,19,473
2019,Grampian,5,20,466
2019,Grampian,5,21,578
2019,Grampian,5,22,581
2019,Grampian,5,23,608
2019,Grampian,5,24,672
2019,Grampian,6,0,646
2019,Grampian,6,1,677
2019,Grampian,6,2,706
2019,Grampian,6,3,667
2019,Grampian,6,4,713
2019,Grampian,6,5,685
2019,Grampian,6,6,704
2019,Grampian,6,7,706
2019,Grampian,6,8,753
2019,Grampian,6,9,803
2019,Grampian,6,10,798
2019,Grampian,6,11,740
2019,Grampian,6,12,701
2019,Grampian,6,13,670
2019,Grampian,6,14,675
2019,Grampian,6,15,693
2019,Grampian,6,16,584
2019,Grampian,6,17,656
2019,Grampian,6,18,870
2019,Grampian,6,19,1110
2019,Grampian,6,20,1214
2019,Grampian,6,21,1094
2019,Grampian,6,22,1097
2019,Grampian,6,23,1063
2019,Grampian,6,24,997
2019,Grampian,7,0,740
2019,Grampian,7,1,740
2019,Grampian,7,2,718
2019,Grampian,7,3,763
2019,Grampian,7,4,739
2019,Grampian,7,5,737
2019,Grampian,7,6,824
2019,Grampian,7,7,758
2019,Grampian,7,8,868
2019,Grampian,7,9,800
2019,Grampian,7,10,838
2019,Grampian,7,11,858
2019,Grampian,7,12,781
2019,Grampian,7,13,765
2019,Grampian,7,14,753
2019,Grampian,7,15,722
2019,Grampian,7,16,725
2019,Grampian,7,17,735
2019,Grampian,7,18,645
2019,Grampian,7,19,697
2019,Grampian,7,20,785
2019,Grampian,7,21,718
2019,Grampian,7,22,787
2019,Grampian,7,23,782
2019,Grampian,7,24,799
2019,Grampian,8,0,1010
2019,Grampian,8,1,1001
2019,Grampian,8,2,1043
2019,Grampian,8,3,1154
2019,Grampian,8,4,1120
2019,Grampian,8,5,1100
2019,Grampian,8,6,1053
2019,Grampian,8,7,1037
2019,Grampian,8,8,1134
2019,Grampian,8,9,1230
2019,Grampian,8,10,1128
2019,Grampian,8,11,1150
2019,Grampian,8,12,1107
2019,Grampian,8,13,1100
2019,Grampian,8,14,1051
2019,Grampian,8,15,1007
2019,Grampian,8,16,1045
2019,Grampian,8,17,965
2019,Grampian,8,18,946
2019,Grampian,8,19,891
2019,Grampian,8,20,1062
2019,Grampian,8,21,1115
2019,Grampian,8,22,1140
2019,Grampian,8,23,1114
2019,Grampian,8,24,1137
2019,Grampian,9,0,860
2019,Grampian,9,1,956
2019,Grampian,9,2,937
2019,Grampian,9,3,987
2019,Grampian,9,4,1000
2019,Grampian,9,5,1046
2019,Grampian,9,6,935
2019,Grampian,9,7,1052
2019,Grampian,9,8,1107
2019,Grampian,9,9,1103
2019,Grampian,9,10,1115
2019,Grampian,9,11,1069
2019,Grampian,9,12,1081
2019,Grampian,9,13,993
2019,Grampian,9,14,1004
2019,Grampian,9,15,955
2019,Grampian,9,16,938
2019,Grampian,9,17,962
2019,Grampian,9,18,1131
2019,Grampian,9,19,1169
2019,Grampian,9,20,913
2019,Grampian,9,21,895
2019,Grampian,9,22,923
2019,Grampian,9,23,945
2019,Grampian,9,24,915
2019,Grampian,10,0,751
2019,Grampian,10,1,784
2019,Grampian,10,2,809
2019,Grampian,10,3,958
2019,Grampian,10,4,860
2019,Grampian,10,5,905
2019,Grampian,10,6,883
2019,Grampian,10,7,981
2019,Grampian,10,8,1011
2019,Grampian,10,9,1004
2019,Grampian,10,10,999
2019,Grampian,10,11,1025
2019,Grampian,10,12,972
2019,Grampian,10,13,924
2019,Grampian,10,14,913
2019,Grampian,10,15,897
2019,Grampian,10,16,865
2019,Grampian,10,17,778
2019,Grampian,10,18,736
2019,Grampian,10,19,637
2019,Grampian,10,20,820
2019,Grampian,10,21,885
2019,Grampian,10,22,981
2019,Grampian,10,23,926
2019,Grampian,10,24,1021
2020,Grampian,1,0,65
2020,Grampian,1,1,97
2020,Grampian,1,2,74
2020,Grampian,1,3,84
2020,Grampian,1,4,101
2020,Grampian,1,5,99
2020,Grampian,1,6,95
2020,Grampian,1,7,86
2020,Grampian,1,8,98
2020,Grampian,1,9,82
2020,Grampian,1,10,84
2020,Grampian,1,11,92
2020,Grampian,1,12,98
2020,Grampian,1,13,92
2020,Grampian,1,14,76
2020,Grampian,1,15,72
2020,Grampian,1,16,71
2020,Grampian,1,17,45
2020,Grampian,1,18,66
2020,Grampian,1,19,57
2020,Grampian,1,20,78
2020,Grampian,1,21,77
2020,Grampian,1,22,74
2020,Grampian,1,23,79
2020,Grampian,1,24,84
2020,Grampian,2,0,263
2020,Grampian,2,1,323
2020,Grampian,2,2,294
2020,Grampian,2,3,319
2020,Grampian,2,4,335
2020,Grampian,2,5,281
2020,Grampian,2,6,317
2020,Grampian,2,7,325
2020,Grampian,2,8,309
2020,Grampian,2,9,309
2020,Grampian,2,10,261
2020,Grampian,2,11,264
2020,Grampian,2,12,278
2020,Grampian,2,13,212
2020,Grampian,2,14,254
2020,Grampian,2,15,211
2020,Grampian,2,16,225
2020,Grampian,2,17,219
2020,Grampian,2,18,219
2020,Grampian,2,19,218
2020,Grampian,2,20,244
2020,Grampian,2,21,254
2020,Grampian,2,22,311
2020,Grampian,2,23,339
2020,Grampian,2,24,328
2020,Grampian,3,0,333
2020,Grampian,3,1,387
2020,Grampian,3,2,405
2020,Grampian,3,3,399
2020,Grampian,3,4,395
2020,Grampian,3,5,418
2020,Grampian,3,6,408
2020,Grampian,3,7,448
2020,Grampian,3,8,466
2020,Grampian,3,9,395
2020,Grampian,3,10,396
2020,Grampian,3,11,338
2020,Grampian,3,12,372
2020,Grampian,3,13,309
2020,Grampian,3,14,346
2020,Grampian,3,15,331
2020,Grampian,3,16,314
2020,Grampian,3,17,337
2020,Grampian,3,18,280
2020,Grampian,3,19,282
2020,Grampian,3,20,361
2020,Grampian,3,21,428
2020,Grampian,3,22,411
2020,Grampian,3,23,483
2020,Grampian,3,24,518
2020,Grampian,4,0,471
2020,Grampian,4,1,491
2020,Grampian,4,2,511
2020,Grampian,4,3,517
2020,Grampian,4,4,544
2020,Grampian,4,5,535
2020,Grampian,4,6,530
2020,Grampian,4,7,585
2020,Grampian,4,8,534
2020,Grampian,4,9,555
2020,Grampian,4,10,539
2020,Grampian,4,11,553
2020,Grampian,4,12,530
2020,Grampian,4,13,501
2020,Grampian,4,14,458
2020,Grampian,4,15,420
2020,Grampian,4,16,414
2020,Grampian,4,17,457
2020,Grampian,4,18,507
2020,Grampian,4,19,609
2020,Grampian,4,20,744
2020,Grampian,4,21,808
2020,Grampian,4,22,872
2020,Grampian,4,23,912
2020,Grampian,4,24,932
2020,Grampian,5,0,440
2020,Grampian,5,1,412
2020,Grampian,5,2,450
2020,Grampian,5,3,482
2020,Grampian,5,4,506
2020,Grampian,5,5,480
2020,Grampian,5,6,484
2020,Grampian,5,7,521
2020,Grampian,5,8,526
2020,Grampian,5,9,522
2020,Grampian,5,10,522
2020,Grampian,5,11,559
2020,Grampian,5,12,527
2020,Grampian,5,13,485
2020,Grampian,5,14,527
2020,Grampian,5,15,466
2020,Grampian,5,16,440
2020,Grampian,5,17,494
2020,Grampian,5,18,394
2020,Grampian,5,19,435
2020,Grampian,5,20,507
2020,Grampian,5,21,493
2020,Grampian,5,22,598
2020,Grampian,5,23,597
2020,Grampian,5,24,604
2020,Grampian,6,0,645
2020,Grampian,6,1,664
2020,Grampian,6,2,674
2020,Grampian,6,3,708
2020,Grampian,6,4,663
2020,Grampian,6,5,717
2020,Grampian,6,6,672
2020,Grampian,6,7,723
2020,Grampian,6,8,707
2020,Grampian,6,9,770
2020,Grampian,6,10,797
2020,Grampian,6,11,810
2020,Grampian,6,12,748
2020,Grampian,6,13,700
2020,Grampian,6,14,682
2020,Grampian,6,15,675
2020,Grampian,6,16,691
2020,Grampian,6,17,592
2020,Grampian,6,18,815
2020,Grampian,6,19,1142
2020,Grampian,6,20,1132
2020,Grampian,6,21,1070
2020,Grampian,6,22,1038
2020,Grampian,6,23,1049
2020,Grampian,6,24,1025
2020,Grampian,7,0,662
2020,Grampian,7,1,756
2020,Grampian,7,2,746
2020,Grampian,7,3,708
2020,Grampian,7,4,760
2020,Grampian,7,5,756
2020,Grampian,7,6,749
2020,Grampian,7,7,808
2020,Grampian,7,8,736
2020,Grampian,7,9,865
2020,Grampian,7,10,791
2020,Grampian,7,11,845
2020,Grampian,7,12,849
2020,Grampian,7,13,791
2020,Grampian,7,14,761
2020,Grampian,7,15,751
2020,Grampian,7,16,713
2020,Grampian,7,17,716
2020,Grampian,7,18,681
2020,Grampian,7,19,638
2020,Grampian,7,20,733
2020,Grampian,7,21,756
2020,Grampian,7,22,732
2020,Grampian,7,23,771
2020,Grampian,7,24,739
2020,Grampian,8,0,982
2020,Grampian,8,1,1065
2020,Grampian,8,2,1056
2020,Grampian,8,3,1041
2020,Grampian,8,4,1195
2020,Grampian,8,5,1144
2020,Grampian,8,6,1125
2020,Grampian,8,7,1065
2020,Grampian,8,8,1061
2020,Grampian,8,9,1159
2020,Grampian,8,10,1251
2020,Grampian,8,11,1139
2020,Grampian,8,12,1176
2020,Grampian,8,13,1117
2020,Grampian,8,14,1109
2020,Grampian,8,15,1066
2020,Grampian,8,16,1016
2020,Grampian,8,17,1038
2020,Grampian,8,18,925
2020,Grampian,8,19,923
2020,Grampian,8,20,1012
2020,Grampian,8,21,1118
2020,Grampian,8,22,1121
2020,Grampian,8,23,1095
2020,Grampian,8,24,1120
2020,Grampian,9,0,737
2020,Grampian,9,1,840
2020,Grampian,9,2,990
2020,Grampian,9,3,945
2020,Grampian,9,4,999
2020,Grampian,9,5,1007
2020,Grampian,9,6,1070
2020,Grampian,9,7,954
2020,Grampian,9,8,1065
2020,Grampian,9,9,1133
2020,Grampian,9,10,1124
2020,Grampian,9,11,1142
2020,Grampian,9,12,1077
2020,Grampian,9,13,1085
2020,Grampian,9,14,1021
2020,Grampian,9,15,1026
2020,Grampian,9,16,992
2020,Grampian,9,17,966
2020,Grampian,9,18,1089
2020,Grampian,9,19,1077
2020,Grampian,9,20,972
2020,Grampian,9,21,856
2020,Grampian,9,22,826
2020,Grampian,9,23,974
2020,Grampian,9,24,896
2020,Grampian,10,0,750
2020,Grampian,10,1,741
2020,Grampian,10,2,764
2020,Grampian,10,3,822
2020,Grampian,10,4,956
2020,Grampian,10,5,863
2020,Grampian,10,6,910
2020,Grampian,10,7,877
2020,Grampian,10,8,996
2020,Grampian,10,9,1011
2020,Grampian,10,10,1021
2020,Grampian,10,11,996
2020,Grampian,10,12,1022
2020,Grampian,10,13,978
2020,Grampian,10,14,941
2020,Grampian,10,15,918
2020,Grampian,10,16,898
2020,Grampian,10,17,854
2020,Grampian,10,18,670
2020,Grampian,10,19,651
2020,Grampian,10,20,682
2020,Grampian,10,21,886
2020,Grampian,10,22,923
2020,Grampian,10,23,1023
2020,Grampian,10,24,927
